Workbook
Name _Hlk20317136: #REF!
Name OLE_LINK40: #REF!

Sheet PLAN DE EJECUCION
C2: PLAN DE ACTIVIDADES PARA LA REVISIÓN TÉCNICA Y FUNCIONAL - SISTEMA | F2: Buscador Temático de Resoluciones del Tribunal Superior de Responsabilidades Administrativas (TSRA)
C4: Actividades | D4: Fecha inicio | E4: Fecha Fin | F4: Estimación en días | G4: Estimación en días
B5: HITO 1 | C5: Planificación, analisis y Diseño de casos de prueba | D5: 46281 | E5: 46281 | F5: =_xlfn.DAYS(E5,D5)+1 -> 1 | G5: =SUM(F5:F7) -> 3
B6: HITO 2 | C6: Instalación y despliegue del sistema | D6: 46282 | E6: 46282 | F6: =_xlfn.DAYS(E6,D6)+1 -> 1
B7: HITO 3 | C7: Validación de la operatividad | D7: 46283 | E7: 46283 | F7: =_xlfn.DAYS(E7,D7)+1 -> 1
B8: HITO 4 | C8: Ejecución de pruebas funcionales y técnicas | D8: 46284 | E8: 46284 | F8: =_xlfn.DAYS(E8,D8)+1 -> 1 | G8: =SUM(F8:F11) -> 4
B9: HITO 5 | C9: Revisión y levantamiento de incidencias | D9: 46285 | E9: 46285 | F9: =_xlfn.DAYS(E9,D9)+1 -> 1
B10: HITO 6 | C10: Pruebas de regresión | D10: 46286 | E10: 46286 | F10: =_xlfn.DAYS(E10,D10)+1 -> 1
B11: HITO 7 | C11: Cierre de pruebas | D11: 46287 | E11: 46287 | F11: =_xlfn.DAYS(E11,D11)+1 -> 1
F12: =SUM(F5:F11) -> 7 | G12: =SUM(G8,G5) -> 7
B14: TIPOS DE PRUEBA | C14: PUNTOS CRÍTICOS A REVISAR | D14: PROCESOS | E14: DETALLE | F14: DETALLE
F15: HITO | G15: ENCARGADO | H15: ESTADO
B16: PRUEBAS FUNCIONALES | C16: Búsqueda y Filtros | D16: CASO 01 | E16: Buscar resoluciones por texto libre. | F16: HITO 4 | G16: Alejandra Cárdenas | H16: CONCLUIDO
C17: Búsqueda y Filtros | D17: CASO 02 | E17: Filtrar resoluciones por categoría, período, sala y/o entidad de forma individual o combinada. | F17: HITO 4 | G17: Alejandra Cárdenas | H17: CONCLUIDO
C18: Búsqueda y Filtros | D18: CASO 03 | E18: Realizar búsqueda avanzada de resoluciones mediante la selección jerárquica de categoría, subcategoría e índice temático. | F18: HITO 4 | G18: Alejandra Cárdenas | H18: CONCLUIDO
C19: Búsqueda y Filtros | D19: CASO 04 | E19: Consultar accesos directos de clasificador temático (Sistemas Administrativos, Otros Sistemas, Infracciones, Potestad Sancionadora). | F19: HITO 4 | G19: Alejandra Cárdenas | H19: CONCLUIDO
C20: Visualización de Resultados y Documentos | D20: CASO 05 | E20: Visualizar resultados de búsqueda y navegación numerada sobre el conjunto de resultados. | F20: HITO 4 | G20: Alejandra Cárdenas | H20: CONCLUIDO
C21: Visualización de Resultados y Documentos | D21: CASO 06 | E21: Visualizar archivo de la resolución en formato PDF. | F21: HITO 4 | G21: Alejandra Cárdenas | H21: CONCLUIDO
C22: Visualización de Resultados y Documentos | D22: CASO 07 | E22: Descargar archivo de la resolución en formato PDF. | F22: HITO 4 | G22: Alejandra Cárdenas | H22: CONCLUIDO
C23: Panel e Información General | D23: CASO 08 | E23: Consultar gráficos de resoluciones por infracción, de resoluciones por sistema administrativo y de resoluciones por año. | F23: HITO 4 | G23: Alejandra Cárdenas | H23: CONCLUIDO
C24: Panel e Información General | D24: CASO 09 | E24: Consultar información de orientación para el uso del buscador. | F24: HITO 4 | G24: Alejandra Cárdenas | H24: CONCLUIDO
C25: Panel e Información General | D25: CASO 10 | E25: Consultar texto del aviso legal del buscador. | F25: HITO 4 | G25: Alejandra Cárdenas | H25: CONCLUIDO
C26: Panel e Información General | D26: CASO 11 | E26: Consultar enlaces del buscador. | F26: HITO 4 | G26: Alejandra Cárdenas | H26: CONCLUIDO
B27: PRUEBAS TÉCNICAS | C27: Documentación | D27: PT01 | E27: Crear documentos para las pruebas (Plan y Diseño de Casos de Prueba; Plan de revisión de sistema). | F27: HITO 1 | G27: Alejandra Cárdenas | H27: CONCLUIDO
C28: Documentación | D28: PT02 | E28: Análisis de documentación del Sistema. | F28: HITO 1 | G28: Alejandra Cárdenas | H28: CONCLUIDO
C29: Documentación | D29: PT03 | E29: Crear documentos de las pruebas realizadas (Informe de atención de solicitudes, Informe de incidencias). | F29: HITO 5 | G29: Alejandra Cárdenas | H29: CONCLUIDO
C30: Documentación | D30: PT04 | E30: Crear o actualizar documentos de las pruebas realizadas (Plan y Diseño de Casos de Prueba; Plan de revisión de sistema, Informe de atención de solicitudes, Informe de incidencias, Informe de resultados de pruebas de calidad, Informe de pruebas). | F30: HITO 7 | G30: Alejandra Cárdenas | H30: CONCLUIDO
C31: Configuración y Entorno | D31: PT05 | E31: Verificar entorno y configuración base | F31: HITO 2 | G31: Alejandra Cárdenas | H31: CONCLUIDO
C32: Estabilidad de Ambiente | D32: PT06 | E32: Verificar la estabilidad, navegación básica y ejecución de los módulos críticos bajo la versión de .NET framework 4.8.1. | F32: HITO 3 | G32: Alejandra Cárdenas | H32: CONCLUIDO
B33: PRUEBAS DE REGRESIÓN | C33: Revisión y levantamiento de incidencias | D33: PR01 | E33: Revisar y cerrar incidencias | F33: HITO 5 | G33: Alejandra Cárdenas | H33: CONCLUIDO
C34: Flujos Críticos de Regresión | D34: PR02 | E34: Ejecutar flujos críticos del sistema. | F34: HITO 6 | G34: Alejandra Cárdenas | H34: CONCLUIDO
B37: Leyenda
B38: BLOQUEANTE | C38: Funcionalidad con errores que no permiten continuar con la revisión
B39: PENDIENTE | C39: Funcionalidad pendiente de revisión por el equipo de QA
B40: EN PROCESO | C40: Funcionalidad en proceso de revisión por el equipo de QA
B41: CONCLUIDO | C41: Funcionalidad revisada completamente, pero se tiene incidencias pendientes
B42: CERRADO | C42: Funcionalidad revisada completamente, no se tiene incidencias pendientes
B43: POSTERGADO | C43: Funcionalidad postergada para un próximo paquete de mejoras

Sheet AVANCE EJECUCIÓN 
B2: =CONCATENATE("Pruebas de Certificación del Sistema ",TEXT('PLAN DE EJECUCION'!D5, "dd/mm/yyyy")," - ",TEXT('PLAN DE EJECUCION'!E11, "dd/mm/yyyy")) -> Pruebas de Certificación del Sistema 16/09/2026 - 22/09/2026
F4: =CONCATENATE("Resumen de Incidencias de la Revisión Funcional y Técnicas - Sistema ",'PLAN DE EJECUCION'!$F$2) -> Resumen de Incidencias de la Revisión Funcional y Técnicas - Sistema Buscador Temático de Resoluciones del Tribunal Superior de Responsabilidades Administrativas (TSRA) | Q4: =CONCATENATE("Resumen de Avance de la Revisión Funcional y Técnicas - Sistema ",'PLAN DE EJECUCION'!$F$2) -> Resumen de Avance de la Revisión Funcional y Técnicas - Sistema Buscador Temático de Resoluciones del Tribunal Superior de Responsabilidades Administrativas (TSRA)
B5: TIPOS DE PRUEBA | C5: PUNTOS CRÍTICOS A REVISAR | D5: PROCESOS | E5: ID-CP | F5: CASO DE PRUEBA | G5: RESULTADO ESPERADO | H5: Total Inc. | I5: Corregidas | J5: Pendientes QA | K5: Pendientes DEV | L5: Desestimado | M5: Mejora | N5: Responsable QA | O5: Estado | Q5: Responsable QA | R5: Total de Casos Asignado | S5: PENDIENTE | T5: EN PROCESO | U5: BLOQUEANTE | V5: CONCLUIDO | W5: CERRADO | X5: POSTERGADO | Y5: % de Avance
B6: PRUEBAS FUNCIONALES | C6: ='PLAN DE EJECUCION'!$C16 -> Búsqueda y Filtros | D6: ='PLAN DE EJECUCION'!$D16 -> CASO 01 | E6: CP-EACS-001 | F6: ='PLAN DE EJECUCION'!$E16 -> Buscar resoluciones por texto libre. | G6: Sistema busca resoluciones por texto libre correctamente. | H6: =SUM(I6,J6,L6,M6) -> 0 | I6: {=SUMPRODUCT(COUNTIFS('CONSOLIDADO DE INCIDENCIAS'!$M$2:$M$6, 'AVANCE EJECUCIÓN '!$D6, 'CONSOLIDADO DE INCIDENCIAS'!$D$2:$D$6, 'CONSOLIDADO DE INCIDENCIAS'!$B$14:$B$15))} -> 0 | J6: {=SUMPRODUCT(COUNTIFS('CONSOLIDADO DE INCIDENCIAS'!$M$2:$M$6, 'AVANCE EJECUCIÓN '!$D6, 'CONSOLIDADO DE INCIDENCIAS'!$D$2:$D$6, 'CONSOLIDADO DE INCIDENCIAS'!$B$11:$B$13))} -> 0 | K6: {=SUMPRODUCT(COUNTIFS('CONSOLIDADO DE INCIDENCIAS'!$M$2:$M$6, 'AVANCE EJECUCIÓN '!$D6, 'CONSOLIDADO DE INCIDENCIAS'!$W$2:$W$6, 'CONSOLIDADO DE INCIDENCIAS'!$B$11:$B$13))} -> 0 | L6: =COUNTIFS('CONSOLIDADO DE INCIDENCIAS'!$M$2:$M$6,'AVANCE EJECUCIÓN '!$D6,'CONSOLIDADO DE INCIDENCIAS'!$D$2:$D$6,'CONSOLIDADO DE INCIDENCIAS'!$B$16) -> 0 | M6: =COUNTIFS('CONSOLIDADO DE INCIDENCIAS'!$M$2:$M$6,'AVANCE EJECUCIÓN '!$D6,'CONSOLIDADO DE INCIDENCIAS'!$D$2:$D$6,'CONSOLIDADO DE INCIDENCIAS'!$B$17) -> 0 | N6: Alejandra Cárdenas | O6: CONCLUIDO | Q6: Alejandra Cárdenas | R6: =SUM(S6:X6) -> 19 | S6: =COUNTIFS($N$6:$N$24,$Q6,$O$6:$O$24,$B$33) -> 0 | T6: =COUNTIFS($N$6:$N$24,$Q6,$O$6:$O$24,$B$34) -> 0 | U6: =COUNTIFS($N$6:$N$24,$Q6,$O$6:$O$24,$B$32) -> 0 | V6: =COUNTIFS($N$6:$N$24,$Q6,$O$6:$O$24,$B$35) -> 19 | W6: =COUNTIFS($N$6:$N$24,$Q6,$O$6:$O$24,$B$36) -> 0 | X6: =COUNTIFS($N$6:$N$24,$Q6,$O$6:$O$24,$B$37) -> 0 | Y6: =IFERROR(($X52+$W6+V6)/$R6, 0) -> 1
C7: ='PLAN DE EJECUCION'!$C17 -> Búsqueda y Filtros | D7: ='PLAN DE EJECUCION'!$D17 -> CASO 02 | E7: CP-EACS-002 | F7: ='PLAN DE EJECUCION'!$E17 -> Filtrar resoluciones por categoría, período, sala y/o entidad de forma individual o combinada. | G7: Sistema filtra resouciones correctamente. | H7: =SUM(I7,J7,L7,M7) -> 0 | I7: {=SUMPRODUCT(COUNTIFS('CONSOLIDADO DE INCIDENCIAS'!$M$2:$M$6, 'AVANCE EJECUCIÓN '!$D7, 'CONSOLIDADO DE INCIDENCIAS'!$D$2:$D$6, 'CONSOLIDADO DE INCIDENCIAS'!$B$14:$B$15))} -> 0 | J7: {=SUMPRODUCT(COUNTIFS('CONSOLIDADO DE INCIDENCIAS'!$M$2:$M$6, 'AVANCE EJECUCIÓN '!$D7, 'CONSOLIDADO DE INCIDENCIAS'!$D$2:$D$6, 'CONSOLIDADO DE INCIDENCIAS'!$B$11:$B$13))} -> 0 | K7: {=SUMPRODUCT(COUNTIFS('CONSOLIDADO DE INCIDENCIAS'!$M$2:$M$6, 'AVANCE EJECUCIÓN '!$D7, 'CONSOLIDADO DE INCIDENCIAS'!$W$2:$W$6, 'CONSOLIDADO DE INCIDENCIAS'!$B$11:$B$13))} -> 0 | L7: =COUNTIFS('CONSOLIDADO DE INCIDENCIAS'!$M$2:$M$6,'AVANCE EJECUCIÓN '!$D7,'CONSOLIDADO DE INCIDENCIAS'!$D$2:$D$6,'CONSOLIDADO DE INCIDENCIAS'!$B$16) -> 0 | M7: =COUNTIFS('CONSOLIDADO DE INCIDENCIAS'!$M$2:$M$6,'AVANCE EJECUCIÓN '!$D7,'CONSOLIDADO DE INCIDENCIAS'!$D$2:$D$6,'CONSOLIDADO DE INCIDENCIAS'!$B$17) -> 0 | N7: Alejandra Cárdenas | O7: CONCLUIDO | R7: =SUM(S7:X7) -> 0 | S7: =COUNTIFS($N$6:$N$24,$Q7,$O$6:$O$24,$B$33) -> 0 | T7: =COUNTIFS($N$6:$N$24,$Q7,$O$6:$O$24,$B$34) -> 0 | U7: =COUNTIFS($N$6:$N$24,$Q7,$O$6:$O$24,$B$32) -> 0 | V7: =COUNTIFS($N$6:$N$24,$Q7,$O$6:$O$24,$B$35) -> 0 | W7: =COUNTIFS($N$6:$N$24,$Q7,$O$6:$O$24,$B$36) -> 0 | X7: =COUNTIFS($N$6:$N$24,$Q7,$O$6:$O$24,$B$37) -> 0 | Y7: =IFERROR(($X7+$W7+V7)/$R7, 0) -> 0
C8: ='PLAN DE EJECUCION'!$C18 -> Búsqueda y Filtros | D8: ='PLAN DE EJECUCION'!$D18 -> CASO 03 | E8: CP-EACS-003 | F8: ='PLAN DE EJECUCION'!$E18 -> Realizar búsqueda avanzada de resoluciones mediante la selección jerárquica de categoría, subcategoría e índice temático. | G8: Sistema realiza busqueda avanzada correctamente. | H8: =SUM(I8,J8,L8,M8) -> 3 | I8: {=SUMPRODUCT(COUNTIFS('CONSOLIDADO DE INCIDENCIAS'!$M$2:$M$6, 'AVANCE EJECUCIÓN '!$D8, 'CONSOLIDADO DE INCIDENCIAS'!$D$2:$D$6, 'CONSOLIDADO DE INCIDENCIAS'!$B$14:$B$15))} -> 0 | J8: {=SUMPRODUCT(COUNTIFS('CONSOLIDADO DE INCIDENCIAS'!$M$2:$M$6, 'AVANCE EJECUCIÓN '!$D8, 'CONSOLIDADO DE INCIDENCIAS'!$D$2:$D$6, 'CONSOLIDADO DE INCIDENCIAS'!$B$11:$B$13))} -> 3 | K8: {=SUMPRODUCT(COUNTIFS('CONSOLIDADO DE INCIDENCIAS'!$M$2:$M$6, 'AVANCE EJECUCIÓN '!$D8, 'CONSOLIDADO DE INCIDENCIAS'!$W$2:$W$6, 'CONSOLIDADO DE INCIDENCIAS'!$B$11:$B$13))} -> 3 | L8: =COUNTIFS('CONSOLIDADO DE INCIDENCIAS'!$M$2:$M$6,'AVANCE EJECUCIÓN '!$D8,'CONSOLIDADO DE INCIDENCIAS'!$D$2:$D$6,'CONSOLIDADO DE INCIDENCIAS'!$B$16) -> 0 | M8: =COUNTIFS('CONSOLIDADO DE INCIDENCIAS'!$M$2:$M$6,'AVANCE EJECUCIÓN '!$D8,'CONSOLIDADO DE INCIDENCIAS'!$D$2:$D$6,'CONSOLIDADO DE INCIDENCIAS'!$B$17) -> 0 | N8: Alejandra Cárdenas | O8: CONCLUIDO | R8: =SUM(S8:X8) -> 0 | S8: =COUNTIFS($N$6:$N$24,$Q8,$O$6:$O$24,$B$33) -> 0 | T8: =COUNTIFS($N$6:$N$24,$Q8,$O$6:$O$24,$B$34) -> 0 | U8: =COUNTIFS($N$6:$N$24,$Q8,$O$6:$O$24,$B$32) -> 0 | V8: =COUNTIFS($N$6:$N$24,$Q8,$O$6:$O$24,$B$35) -> 0 | W8: =COUNTIFS($N$6:$N$24,$Q8,$O$6:$O$24,$B$36) -> 0 | X8: =COUNTIFS($N$6:$N$24,$Q8,$O$6:$O$24,$B$37) -> 0 | Y8: =IFERROR(($X8+$W8+V8)/$R8, 0) -> 0
C9: ='PLAN DE EJECUCION'!$C19 -> Búsqueda y Filtros | D9: ='PLAN DE EJECUCION'!$D19 -> CASO 04 | E9: CP-EACS-004 | F9: ='PLAN DE EJECUCION'!$E19 -> Consultar accesos directos de clasificador temático (Sistemas Administrativos, Otros Sistemas, Infracciones, Potestad Sancionadora). | G9: Sistema consulta accesos directos temáticos correctamente. | H9: =SUM(I9,J9,L9,M9) -> 0 | I9: {=SUMPRODUCT(COUNTIFS('CONSOLIDADO DE INCIDENCIAS'!$M$2:$M$6, 'AVANCE EJECUCIÓN '!$D9, 'CONSOLIDADO DE INCIDENCIAS'!$D$2:$D$6, 'CONSOLIDADO DE INCIDENCIAS'!$B$14:$B$15))} -> 0 | J9: {=SUMPRODUCT(COUNTIFS('CONSOLIDADO DE INCIDENCIAS'!$M$2:$M$6, 'AVANCE EJECUCIÓN '!$D9, 'CONSOLIDADO DE INCIDENCIAS'!$D$2:$D$6, 'CONSOLIDADO DE INCIDENCIAS'!$B$11:$B$13))} -> 0 | K9: {=SUMPRODUCT(COUNTIFS('CONSOLIDADO DE INCIDENCIAS'!$M$2:$M$6, 'AVANCE EJECUCIÓN '!$D9, 'CONSOLIDADO DE INCIDENCIAS'!$W$2:$W$6, 'CONSOLIDADO DE INCIDENCIAS'!$B$11:$B$13))} -> 0 | L9: =COUNTIFS('CONSOLIDADO DE INCIDENCIAS'!$M$2:$M$6,'AVANCE EJECUCIÓN '!$D9,'CONSOLIDADO DE INCIDENCIAS'!$D$2:$D$6,'CONSOLIDADO DE INCIDENCIAS'!$B$16) -> 0 | M9: =COUNTIFS('CONSOLIDADO DE INCIDENCIAS'!$M$2:$M$6,'AVANCE EJECUCIÓN '!$D9,'CONSOLIDADO DE INCIDENCIAS'!$D$2:$D$6,'CONSOLIDADO DE INCIDENCIAS'!$B$17) -> 0 | N9: Alejandra Cárdenas | O9: CONCLUIDO | R9: =SUM(S9:X9) -> 0 | S9: =COUNTIFS($N$6:$N$24,$Q9,$O$6:$O$24,$B$33) -> 0 | T9: =COUNTIFS($N$6:$N$24,$Q9,$O$6:$O$24,$B$34) -> 0 | U9: =COUNTIFS($N$6:$N$24,$Q9,$O$6:$O$24,$B$32) -> 0 | V9: =COUNTIFS($N$6:$N$24,$Q9,$O$6:$O$24,$B$35) -> 0 | W9: =COUNTIFS($N$6:$N$24,$Q9,$O$6:$O$24,$B$36) -> 0 | X9: =COUNTIFS($N$6:$N$24,$Q9,$O$6:$O$24,$B$37) -> 0 | Y9: =IFERROR(($X9+$W9+V9)/$R9, 0) -> 0
C10: ='PLAN DE EJECUCION'!$C20 -> Visualización de Resultados y Documentos | D10: ='PLAN DE EJECUCION'!$D20 -> CASO 05 | E10: CP-EACS-005 | F10: ='PLAN DE EJECUCION'!$E20 -> Visualizar resultados de búsqueda y navegación numerada sobre el conjunto de resultados. | G10: Sistema muestra resultados de búsqueda correctamente. | H10: =SUM(I10,J10,L10,M10) -> 2 | I10: {=SUMPRODUCT(COUNTIFS('CONSOLIDADO DE INCIDENCIAS'!$M$2:$M$6, 'AVANCE EJECUCIÓN '!$D10, 'CONSOLIDADO DE INCIDENCIAS'!$D$2:$D$6, 'CONSOLIDADO DE INCIDENCIAS'!$B$14:$B$15))} -> 0 | J10: {=SUMPRODUCT(COUNTIFS('CONSOLIDADO DE INCIDENCIAS'!$M$2:$M$6, 'AVANCE EJECUCIÓN '!$D10, 'CONSOLIDADO DE INCIDENCIAS'!$D$2:$D$6, 'CONSOLIDADO DE INCIDENCIAS'!$B$11:$B$13))} -> 2 | K10: {=SUMPRODUCT(COUNTIFS('CONSOLIDADO DE INCIDENCIAS'!$M$2:$M$6, 'AVANCE EJECUCIÓN '!$D10, 'CONSOLIDADO DE INCIDENCIAS'!$W$2:$W$6, 'CONSOLIDADO DE INCIDENCIAS'!$B$11:$B$13))} -> 2 | L10: =COUNTIFS('CONSOLIDADO DE INCIDENCIAS'!$M$2:$M$6,'AVANCE EJECUCIÓN '!$D10,'CONSOLIDADO DE INCIDENCIAS'!$D$2:$D$6,'CONSOLIDADO DE INCIDENCIAS'!$B$16) -> 0 | M10: =COUNTIFS('CONSOLIDADO DE INCIDENCIAS'!$M$2:$M$6,'AVANCE EJECUCIÓN '!$D10,'CONSOLIDADO DE INCIDENCIAS'!$D$2:$D$6,'CONSOLIDADO DE INCIDENCIAS'!$B$17) -> 0 | N10: Alejandra Cárdenas | O10: CONCLUIDO | R10: =SUM(S10:X10) -> 0 | S10: =COUNTIFS($N$6:$N$24,$Q10,$O$6:$O$24,$B$33) -> 0 | T10: =COUNTIFS($N$6:$N$24,$Q10,$O$6:$O$24,$B$34) -> 0 | U10: =COUNTIFS($N$6:$N$24,$Q10,$O$6:$O$24,$B$32) -> 0 | V10: =COUNTIFS($N$6:$N$24,$Q10,$O$6:$O$24,$B$35) -> 0 | W10: =COUNTIFS($N$6:$N$24,$Q10,$O$6:$O$24,$B$36) -> 0 | X10: =COUNTIFS($N$6:$N$24,$Q10,$O$6:$O$24,$B$37) -> 0 | Y10: =IFERROR(($X10+$W10+V10)/$R10, 0) -> 0
C11: ='PLAN DE EJECUCION'!$C21 -> Visualización de Resultados y Documentos | D11: ='PLAN DE EJECUCION'!$D21 -> CASO 06 | E11: CP-EACS-006 | F11: ='PLAN DE EJECUCION'!$E21 -> Visualizar archivo de la resolución en formato PDF. | G11: Sistema muestra resolución (PDF) correctamente. | H11: =SUM(I11,J11,L11,M11) -> 0 | I11: {=SUMPRODUCT(COUNTIFS('CONSOLIDADO DE INCIDENCIAS'!$M$2:$M$6, 'AVANCE EJECUCIÓN '!$D11, 'CONSOLIDADO DE INCIDENCIAS'!$D$2:$D$6, 'CONSOLIDADO DE INCIDENCIAS'!$B$14:$B$15))} -> 0 | J11: {=SUMPRODUCT(COUNTIFS('CONSOLIDADO DE INCIDENCIAS'!$M$2:$M$6, 'AVANCE EJECUCIÓN '!$D11, 'CONSOLIDADO DE INCIDENCIAS'!$D$2:$D$6, 'CONSOLIDADO DE INCIDENCIAS'!$B$11:$B$13))} -> 0 | K11: {=SUMPRODUCT(COUNTIFS('CONSOLIDADO DE INCIDENCIAS'!$M$2:$M$6, 'AVANCE EJECUCIÓN '!$D11, 'CONSOLIDADO DE INCIDENCIAS'!$W$2:$W$6, 'CONSOLIDADO DE INCIDENCIAS'!$B$11:$B$13))} -> 0 | L11: =COUNTIFS('CONSOLIDADO DE INCIDENCIAS'!$M$2:$M$6,'AVANCE EJECUCIÓN '!$D11,'CONSOLIDADO DE INCIDENCIAS'!$D$2:$D$6,'CONSOLIDADO DE INCIDENCIAS'!$B$16) -> 0 | M11: =COUNTIFS('CONSOLIDADO DE INCIDENCIAS'!$M$2:$M$6,'AVANCE EJECUCIÓN '!$D11,'CONSOLIDADO DE INCIDENCIAS'!$D$2:$D$6,'CONSOLIDADO DE INCIDENCIAS'!$B$17) -> 0 | N11: Alejandra Cárdenas | O11: CONCLUIDO | Q11: RESUMEN/TOTAL | R11: =SUM($R6:$R10) -> 19 | S11: =SUM(S6:S10) -> 0 | T11: =SUM(T6:T10) -> 0 | U11: =SUM(U6:U10) -> 0 | V11: =SUM(V6:V10) -> 19 | W11: =SUM(W6:W10) -> 0 | X11: =SUM(X6:X10) -> 0 | Y11: =IFERROR(($X11+$W11+V11)/$R11, 0) -> 1
C12: ='PLAN DE EJECUCION'!$C22 -> Visualización de Resultados y Documentos | D12: ='PLAN DE EJECUCION'!$D22 -> CASO 07 | E12: CP-EACS-007 | F12: ='PLAN DE EJECUCION'!$E22 -> Descargar archivo de la resolución en formato PDF. | G12: Sistema descarga resolución (PDF) correctamente. | H12: =SUM(I12,J12,L12,M12) -> 0 | I12: {=SUMPRODUCT(COUNTIFS('CONSOLIDADO DE INCIDENCIAS'!$M$2:$M$6, 'AVANCE EJECUCIÓN '!$D12, 'CONSOLIDADO DE INCIDENCIAS'!$D$2:$D$6, 'CONSOLIDADO DE INCIDENCIAS'!$B$14:$B$15))} -> 0 | J12: {=SUMPRODUCT(COUNTIFS('CONSOLIDADO DE INCIDENCIAS'!$M$2:$M$6, 'AVANCE EJECUCIÓN '!$D12, 'CONSOLIDADO DE INCIDENCIAS'!$D$2:$D$6, 'CONSOLIDADO DE INCIDENCIAS'!$B$11:$B$13))} -> 0 | K12: {=SUMPRODUCT(COUNTIFS('CONSOLIDADO DE INCIDENCIAS'!$M$2:$M$6, 'AVANCE EJECUCIÓN '!$D12, 'CONSOLIDADO DE INCIDENCIAS'!$W$2:$W$6, 'CONSOLIDADO DE INCIDENCIAS'!$B$11:$B$13))} -> 0 | L12: =COUNTIFS('CONSOLIDADO DE INCIDENCIAS'!$M$2:$M$6,'AVANCE EJECUCIÓN '!$D12,'CONSOLIDADO DE INCIDENCIAS'!$D$2:$D$6,'CONSOLIDADO DE INCIDENCIAS'!$B$16) -> 0 | M12: =COUNTIFS('CONSOLIDADO DE INCIDENCIAS'!$M$2:$M$6,'AVANCE EJECUCIÓN '!$D12,'CONSOLIDADO DE INCIDENCIAS'!$D$2:$D$6,'CONSOLIDADO DE INCIDENCIAS'!$B$17) -> 0 | N12: Alejandra Cárdenas | O12: CONCLUIDO
C13: ='PLAN DE EJECUCION'!$C23 -> Panel e Información General | D13: ='PLAN DE EJECUCION'!$D23 -> CASO 08 | E13: CP-EACS-008 | F13: ='PLAN DE EJECUCION'!$E23 -> Consultar gráficos de resoluciones por infracción, de resoluciones por sistema administrativo y de resoluciones por año. | G13: Sistema muestra panel de información general (Dashboard) correctamente. | H13: =SUM(I13,J13,L13,M13) -> 0 | I13: {=SUMPRODUCT(COUNTIFS('CONSOLIDADO DE INCIDENCIAS'!$M$2:$M$6, 'AVANCE EJECUCIÓN '!$D13, 'CONSOLIDADO DE INCIDENCIAS'!$D$2:$D$6, 'CONSOLIDADO DE INCIDENCIAS'!$B$14:$B$15))} -> 0 | J13: {=SUMPRODUCT(COUNTIFS('CONSOLIDADO DE INCIDENCIAS'!$M$2:$M$6, 'AVANCE EJECUCIÓN '!$D13, 'CONSOLIDADO DE INCIDENCIAS'!$D$2:$D$6, 'CONSOLIDADO DE INCIDENCIAS'!$B$11:$B$13))} -> 0 | K13: {=SUMPRODUCT(COUNTIFS('CONSOLIDADO DE INCIDENCIAS'!$M$2:$M$6, 'AVANCE EJECUCIÓN '!$D13, 'CONSOLIDADO DE INCIDENCIAS'!$W$2:$W$6, 'CONSOLIDADO DE INCIDENCIAS'!$B$11:$B$13))} -> 0 | L13: =COUNTIFS('CONSOLIDADO DE INCIDENCIAS'!$M$2:$M$6,'AVANCE EJECUCIÓN '!$D13,'CONSOLIDADO DE INCIDENCIAS'!$D$2:$D$6,'CONSOLIDADO DE INCIDENCIAS'!$B$16) -> 0 | M13: =COUNTIFS('CONSOLIDADO DE INCIDENCIAS'!$M$2:$M$6,'AVANCE EJECUCIÓN '!$D13,'CONSOLIDADO DE INCIDENCIAS'!$D$2:$D$6,'CONSOLIDADO DE INCIDENCIAS'!$B$17) -> 0 | N13: Alejandra Cárdenas | O13: CONCLUIDO
C14: ='PLAN DE EJECUCION'!$C24 -> Panel e Información General | D14: ='PLAN DE EJECUCION'!$D24 -> CASO 09 | E14: CP-EACS-009 | F14: ='PLAN DE EJECUCION'!$E24 -> Consultar información de orientación para el uso del buscador. | G14: Sistema muestra ayuda correctamente. | H14: =SUM(I14,J14,L14,M14) -> 0 | I14: {=SUMPRODUCT(COUNTIFS('CONSOLIDADO DE INCIDENCIAS'!$M$2:$M$6, 'AVANCE EJECUCIÓN '!$D14, 'CONSOLIDADO DE INCIDENCIAS'!$D$2:$D$6, 'CONSOLIDADO DE INCIDENCIAS'!$B$14:$B$15))} -> 0 | J14: {=SUMPRODUCT(COUNTIFS('CONSOLIDADO DE INCIDENCIAS'!$M$2:$M$6, 'AVANCE EJECUCIÓN '!$D14, 'CONSOLIDADO DE INCIDENCIAS'!$D$2:$D$6, 'CONSOLIDADO DE INCIDENCIAS'!$B$11:$B$13))} -> 0 | K14: {=SUMPRODUCT(COUNTIFS('CONSOLIDADO DE INCIDENCIAS'!$M$2:$M$6, 'AVANCE EJECUCIÓN '!$D14, 'CONSOLIDADO DE INCIDENCIAS'!$W$2:$W$6, 'CONSOLIDADO DE INCIDENCIAS'!$B$11:$B$13))} -> 0 | L14: =COUNTIFS('CONSOLIDADO DE INCIDENCIAS'!$M$2:$M$6,'AVANCE EJECUCIÓN '!$D14,'CONSOLIDADO DE INCIDENCIAS'!$D$2:$D$6,'CONSOLIDADO DE INCIDENCIAS'!$B$16) -> 0 | M14: =COUNTIFS('CONSOLIDADO DE INCIDENCIAS'!$M$2:$M$6,'AVANCE EJECUCIÓN '!$D14,'CONSOLIDADO DE INCIDENCIAS'!$D$2:$D$6,'CONSOLIDADO DE INCIDENCIAS'!$B$17) -> 0 | N14: Alejandra Cárdenas | O14: CONCLUIDO
C15: ='PLAN DE EJECUCION'!$C25 -> Panel e Información General | D15: ='PLAN DE EJECUCION'!$D25 -> CASO 10 | E15: CP-EACS-010 | F15: ='PLAN DE EJECUCION'!$E25 -> Consultar texto del aviso legal del buscador. | G15: Sistema muestra aviso legal correctamente. | H15: =SUM(I15,J15,L15,M15) -> 0 | I15: {=SUMPRODUCT(COUNTIFS('CONSOLIDADO DE INCIDENCIAS'!$M$2:$M$6, 'AVANCE EJECUCIÓN '!$D15, 'CONSOLIDADO DE INCIDENCIAS'!$D$2:$D$6, 'CONSOLIDADO DE INCIDENCIAS'!$B$14:$B$15))} -> 0 | J15: {=SUMPRODUCT(COUNTIFS('CONSOLIDADO DE INCIDENCIAS'!$M$2:$M$6, 'AVANCE EJECUCIÓN '!$D15, 'CONSOLIDADO DE INCIDENCIAS'!$D$2:$D$6, 'CONSOLIDADO DE INCIDENCIAS'!$B$11:$B$13))} -> 0 | K15: {=SUMPRODUCT(COUNTIFS('CONSOLIDADO DE INCIDENCIAS'!$M$2:$M$6, 'AVANCE EJECUCIÓN '!$D15, 'CONSOLIDADO DE INCIDENCIAS'!$W$2:$W$6, 'CONSOLIDADO DE INCIDENCIAS'!$B$11:$B$13))} -> 0 | L15: =COUNTIFS('CONSOLIDADO DE INCIDENCIAS'!$M$2:$M$6,'AVANCE EJECUCIÓN '!$D15,'CONSOLIDADO DE INCIDENCIAS'!$D$2:$D$6,'CONSOLIDADO DE INCIDENCIAS'!$B$16) -> 0 | M15: =COUNTIFS('CONSOLIDADO DE INCIDENCIAS'!$M$2:$M$6,'AVANCE EJECUCIÓN '!$D15,'CONSOLIDADO DE INCIDENCIAS'!$D$2:$D$6,'CONSOLIDADO DE INCIDENCIAS'!$B$17) -> 0 | N15: Alejandra Cárdenas | O15: CONCLUIDO
C16: ='PLAN DE EJECUCION'!$C26 -> Panel e Información General | D16: ='PLAN DE EJECUCION'!$D26 -> CASO 11 | E16: CP-EACS-011 | F16: ='PLAN DE EJECUCION'!$E26 -> Consultar enlaces del buscador. | G16: Sistema muestra enlaces correctamente. | H16: =SUM(I16,J16,L16,M16) -> 0 | I16: {=SUMPRODUCT(COUNTIFS('CONSOLIDADO DE INCIDENCIAS'!$M$2:$M$6, 'AVANCE EJECUCIÓN '!$D16, 'CONSOLIDADO DE INCIDENCIAS'!$D$2:$D$6, 'CONSOLIDADO DE INCIDENCIAS'!$B$14:$B$15))} -> 0 | J16: {=SUMPRODUCT(COUNTIFS('CONSOLIDADO DE INCIDENCIAS'!$M$2:$M$6, 'AVANCE EJECUCIÓN '!$D16, 'CONSOLIDADO DE INCIDENCIAS'!$D$2:$D$6, 'CONSOLIDADO DE INCIDENCIAS'!$B$11:$B$13))} -> 0 | K16: {=SUMPRODUCT(COUNTIFS('CONSOLIDADO DE INCIDENCIAS'!$M$2:$M$6, 'AVANCE EJECUCIÓN '!$D16, 'CONSOLIDADO DE INCIDENCIAS'!$W$2:$W$6, 'CONSOLIDADO DE INCIDENCIAS'!$B$11:$B$13))} -> 0 | L16: =COUNTIFS('CONSOLIDADO DE INCIDENCIAS'!$M$2:$M$6,'AVANCE EJECUCIÓN '!$D16,'CONSOLIDADO DE INCIDENCIAS'!$D$2:$D$6,'CONSOLIDADO DE INCIDENCIAS'!$B$16) -> 0 | M16: =COUNTIFS('CONSOLIDADO DE INCIDENCIAS'!$M$2:$M$6,'AVANCE EJECUCIÓN '!$D16,'CONSOLIDADO DE INCIDENCIAS'!$D$2:$D$6,'CONSOLIDADO DE INCIDENCIAS'!$B$17) -> 0 | N16: Alejandra Cárdenas | O16: CONCLUIDO
B17: PRUEBAS TÉCNICAS | C17: Documentación | D17: PT01 | E17: CP-EACS-012 | F17: Análisis de documentación del Sistema. | G17: Documentos del sistema analizados y considerados una línea base estable para las siguientes actividades. | H17: =SUM(I17,J17,L17,M17) -> 0 | I17: {=SUMPRODUCT(COUNTIFS('CONSOLIDADO DE INCIDENCIAS'!$M$2:$M$6, 'AVANCE EJECUCIÓN '!$D17, 'CONSOLIDADO DE INCIDENCIAS'!$D$2:$D$6, 'CONSOLIDADO DE INCIDENCIAS'!$B$14:$B$15))} -> 0 | J17: {=SUMPRODUCT(COUNTIFS('CONSOLIDADO DE INCIDENCIAS'!$M$2:$M$6, 'AVANCE EJECUCIÓN '!$D17, 'CONSOLIDADO DE INCIDENCIAS'!$D$2:$D$6, 'CONSOLIDADO DE INCIDENCIAS'!$B$11:$B$13))} -> 0 | K17: {=SUMPRODUCT(COUNTIFS('CONSOLIDADO DE INCIDENCIAS'!$M$2:$M$6, 'AVANCE EJECUCIÓN '!$D17, 'CONSOLIDADO DE INCIDENCIAS'!$W$2:$W$6, 'CONSOLIDADO DE INCIDENCIAS'!$B$11:$B$13))} -> 0 | L17: =COUNTIFS('CONSOLIDADO DE INCIDENCIAS'!$M$2:$M$6,'AVANCE EJECUCIÓN '!$D17,'CONSOLIDADO DE INCIDENCIAS'!$D$2:$D$6,'CONSOLIDADO DE INCIDENCIAS'!$B$16) -> 0 | M17: =COUNTIFS('CONSOLIDADO DE INCIDENCIAS'!$M$2:$M$6,'AVANCE EJECUCIÓN '!$D17,'CONSOLIDADO DE INCIDENCIAS'!$D$2:$D$6,'CONSOLIDADO DE INCIDENCIAS'!$B$17) -> 0 | N17: Alejandra Cárdenas | O17: CONCLUIDO
C18: Documentación | D18: PT02 | E18: CP-EACS-013 | F18: Crear documentos para las pruebas (Plan y Diseño de Casos de Prueba; Plan de revisión de sistema). | G18: Documentos redactados y aprobados | H18: =SUM(I18,J18,L18,M18) -> 0 | I18: {=SUMPRODUCT(COUNTIFS('CONSOLIDADO DE INCIDENCIAS'!$M$2:$M$6, 'AVANCE EJECUCIÓN '!$D18, 'CONSOLIDADO DE INCIDENCIAS'!$D$2:$D$6, 'CONSOLIDADO DE INCIDENCIAS'!$B$14:$B$15))} -> 0 | J18: {=SUMPRODUCT(COUNTIFS('CONSOLIDADO DE INCIDENCIAS'!$M$2:$M$6, 'AVANCE EJECUCIÓN '!$D18, 'CONSOLIDADO DE INCIDENCIAS'!$D$2:$D$6, 'CONSOLIDADO DE INCIDENCIAS'!$B$11:$B$13))} -> 0 | K18: {=SUMPRODUCT(COUNTIFS('CONSOLIDADO DE INCIDENCIAS'!$M$2:$M$6, 'AVANCE EJECUCIÓN '!$D18, 'CONSOLIDADO DE INCIDENCIAS'!$W$2:$W$6, 'CONSOLIDADO DE INCIDENCIAS'!$B$11:$B$13))} -> 0 | L18: =COUNTIFS('CONSOLIDADO DE INCIDENCIAS'!$M$2:$M$6,'AVANCE EJECUCIÓN '!$D18,'CONSOLIDADO DE INCIDENCIAS'!$D$2:$D$6,'CONSOLIDADO DE INCIDENCIAS'!$B$16) -> 0 | M18: =COUNTIFS('CONSOLIDADO DE INCIDENCIAS'!$M$2:$M$6,'AVANCE EJECUCIÓN '!$D18,'CONSOLIDADO DE INCIDENCIAS'!$D$2:$D$6,'CONSOLIDADO DE INCIDENCIAS'!$B$17) -> 0 | N18: Alejandra Cárdenas | O18: CONCLUIDO
C19: Documentación | D19: PT03 | E19: CP-EACS-014 | F19: Crear documentos de las pruebas realizadas (Informe de atención de solicitudes, Informe de incidencias). | G19: Documentos redactados y aprobados | H19: =SUM(I19,J19,L19,M19) -> 0 | I19: {=SUMPRODUCT(COUNTIFS('CONSOLIDADO DE INCIDENCIAS'!$M$2:$M$6, 'AVANCE EJECUCIÓN '!$D19, 'CONSOLIDADO DE INCIDENCIAS'!$D$2:$D$6, 'CONSOLIDADO DE INCIDENCIAS'!$B$14:$B$15))} -> 0 | J19: {=SUMPRODUCT(COUNTIFS('CONSOLIDADO DE INCIDENCIAS'!$M$2:$M$6, 'AVANCE EJECUCIÓN '!$D19, 'CONSOLIDADO DE INCIDENCIAS'!$D$2:$D$6, 'CONSOLIDADO DE INCIDENCIAS'!$B$11:$B$13))} -> 0 | K19: {=SUMPRODUCT(COUNTIFS('CONSOLIDADO DE INCIDENCIAS'!$M$2:$M$6, 'AVANCE EJECUCIÓN '!$D19, 'CONSOLIDADO DE INCIDENCIAS'!$W$2:$W$6, 'CONSOLIDADO DE INCIDENCIAS'!$B$11:$B$13))} -> 0 | L19: =COUNTIFS('CONSOLIDADO DE INCIDENCIAS'!$M$2:$M$6,'AVANCE EJECUCIÓN '!$D19,'CONSOLIDADO DE INCIDENCIAS'!$D$2:$D$6,'CONSOLIDADO DE INCIDENCIAS'!$B$16) -> 0 | M19: =COUNTIFS('CONSOLIDADO DE INCIDENCIAS'!$M$2:$M$6,'AVANCE EJECUCIÓN '!$D19,'CONSOLIDADO DE INCIDENCIAS'!$D$2:$D$6,'CONSOLIDADO DE INCIDENCIAS'!$B$17) -> 0 | N19: Alejandra Cárdenas | O19: CONCLUIDO
C20: Documentación | D20: PT04 | E20: CP-EACS-015 | F20: Crear o actualizar documentos de las pruebas realizadas (Plan y Diseño de Casos de Prueba; Plan de revisión de sistema, Informe de atención de solicitudes, Informe de incidencias, Informe de resultados de pruebas de calidad, Informe de pruebas). | G20: Documentos redactados y aprobados | H20: =SUM(I20,J20,L20,M20) -> 0 | I20: {=SUMPRODUCT(COUNTIFS('CONSOLIDADO DE INCIDENCIAS'!$M$2:$M$6, 'AVANCE EJECUCIÓN '!$D20, 'CONSOLIDADO DE INCIDENCIAS'!$D$2:$D$6, 'CONSOLIDADO DE INCIDENCIAS'!$B$14:$B$15))} -> 0 | J20: {=SUMPRODUCT(COUNTIFS('CONSOLIDADO DE INCIDENCIAS'!$M$2:$M$6, 'AVANCE EJECUCIÓN '!$D20, 'CONSOLIDADO DE INCIDENCIAS'!$D$2:$D$6, 'CONSOLIDADO DE INCIDENCIAS'!$B$11:$B$13))} -> 0 | K20: {=SUMPRODUCT(COUNTIFS('CONSOLIDADO DE INCIDENCIAS'!$M$2:$M$6, 'AVANCE EJECUCIÓN '!$D20, 'CONSOLIDADO DE INCIDENCIAS'!$W$2:$W$6, 'CONSOLIDADO DE INCIDENCIAS'!$B$11:$B$13))} -> 0 | L20: =COUNTIFS('CONSOLIDADO DE INCIDENCIAS'!$M$2:$M$6,'AVANCE EJECUCIÓN '!$D20,'CONSOLIDADO DE INCIDENCIAS'!$D$2:$D$6,'CONSOLIDADO DE INCIDENCIAS'!$B$16) -> 0 | M20: =COUNTIFS('CONSOLIDADO DE INCIDENCIAS'!$M$2:$M$6,'AVANCE EJECUCIÓN '!$D20,'CONSOLIDADO DE INCIDENCIAS'!$D$2:$D$6,'CONSOLIDADO DE INCIDENCIAS'!$B$17) -> 0 | N20: Alejandra Cárdenas | O20: CONCLUIDO
C21: Configuración y Entorno | D21: PT05 | E21: CP-EACS-016 | F21: Verificar entorno y configuración base | G21: Ambiente operativo, actualizados y sin bloqueos. | H21: =SUM(I21,J21,L21,M21) -> 0 | I21: {=SUMPRODUCT(COUNTIFS('CONSOLIDADO DE INCIDENCIAS'!$M$2:$M$6, 'AVANCE EJECUCIÓN '!$D21, 'CONSOLIDADO DE INCIDENCIAS'!$D$2:$D$6, 'CONSOLIDADO DE INCIDENCIAS'!$B$14:$B$15))} -> 0 | J21: {=SUMPRODUCT(COUNTIFS('CONSOLIDADO DE INCIDENCIAS'!$M$2:$M$6, 'AVANCE EJECUCIÓN '!$D21, 'CONSOLIDADO DE INCIDENCIAS'!$D$2:$D$6, 'CONSOLIDADO DE INCIDENCIAS'!$B$11:$B$13))} -> 0 | K21: {=SUMPRODUCT(COUNTIFS('CONSOLIDADO DE INCIDENCIAS'!$M$2:$M$6, 'AVANCE EJECUCIÓN '!$D21, 'CONSOLIDADO DE INCIDENCIAS'!$W$2:$W$6, 'CONSOLIDADO DE INCIDENCIAS'!$B$11:$B$13))} -> 0 | L21: =COUNTIFS('CONSOLIDADO DE INCIDENCIAS'!$M$2:$M$6,'AVANCE EJECUCIÓN '!$D21,'CONSOLIDADO DE INCIDENCIAS'!$D$2:$D$6,'CONSOLIDADO DE INCIDENCIAS'!$B$16) -> 0 | M21: =COUNTIFS('CONSOLIDADO DE INCIDENCIAS'!$M$2:$M$6,'AVANCE EJECUCIÓN '!$D21,'CONSOLIDADO DE INCIDENCIAS'!$D$2:$D$6,'CONSOLIDADO DE INCIDENCIAS'!$B$17) -> 0 | N21: Alejandra Cárdenas | O21: CONCLUIDO
C22: Estabilidad de Ambiente | D22: PT06 | E22: CP-EACS-017 | F22: Verificar la estabilidad, navegación básica y ejecución de los módulos críticos bajo la versión de .NET framework 4.8.1. | G22: Sistema estable sin caídas repentinas, navegación fluida y sin conflictos de compatibilidad en la infraestructura de .NET 4.8.1. | H22: =SUM(I22,J22,L22,M22) -> 0 | I22: {=SUMPRODUCT(COUNTIFS('CONSOLIDADO DE INCIDENCIAS'!$M$2:$M$6, 'AVANCE EJECUCIÓN '!$D22, 'CONSOLIDADO DE INCIDENCIAS'!$D$2:$D$6, 'CONSOLIDADO DE INCIDENCIAS'!$B$14:$B$15))} -> 0 | J22: {=SUMPRODUCT(COUNTIFS('CONSOLIDADO DE INCIDENCIAS'!$M$2:$M$6, 'AVANCE EJECUCIÓN '!$D22, 'CONSOLIDADO DE INCIDENCIAS'!$D$2:$D$6, 'CONSOLIDADO DE INCIDENCIAS'!$B$11:$B$13))} -> 0 | K22: {=SUMPRODUCT(COUNTIFS('CONSOLIDADO DE INCIDENCIAS'!$M$2:$M$6, 'AVANCE EJECUCIÓN '!$D22, 'CONSOLIDADO DE INCIDENCIAS'!$W$2:$W$6, 'CONSOLIDADO DE INCIDENCIAS'!$B$11:$B$13))} -> 0 | L22: =COUNTIFS('CONSOLIDADO DE INCIDENCIAS'!$M$2:$M$6,'AVANCE EJECUCIÓN '!$D22,'CONSOLIDADO DE INCIDENCIAS'!$D$2:$D$6,'CONSOLIDADO DE INCIDENCIAS'!$B$16) -> 0 | M22: =COUNTIFS('CONSOLIDADO DE INCIDENCIAS'!$M$2:$M$6,'AVANCE EJECUCIÓN '!$D22,'CONSOLIDADO DE INCIDENCIAS'!$D$2:$D$6,'CONSOLIDADO DE INCIDENCIAS'!$B$17) -> 0 | N22: Alejandra Cárdenas | O22: CONCLUIDO
B23: PRUEBAS DE REGRESIÓN | C23: Revisión y levantamiento de incidencias | D23: PR01 | E23: CP-EACS-018 | F23: Revisar y cerrar incidencias | G23: Totalidad de defectos corregidos por desarrollo validados exitosamente, con su estado actualizado a "Cerrado". | H23: =SUM(I23,J23,L23,M23) -> 0 | I23: {=SUMPRODUCT(COUNTIFS('CONSOLIDADO DE INCIDENCIAS'!$M$2:$M$6, 'AVANCE EJECUCIÓN '!$D23, 'CONSOLIDADO DE INCIDENCIAS'!$D$2:$D$6, 'CONSOLIDADO DE INCIDENCIAS'!$B$14:$B$15))} -> 0 | J23: {=SUMPRODUCT(COUNTIFS('CONSOLIDADO DE INCIDENCIAS'!$M$2:$M$6, 'AVANCE EJECUCIÓN '!$D23, 'CONSOLIDADO DE INCIDENCIAS'!$D$2:$D$6, 'CONSOLIDADO DE INCIDENCIAS'!$B$11:$B$13))} -> 0 | K23: {=SUMPRODUCT(COUNTIFS('CONSOLIDADO DE INCIDENCIAS'!$M$2:$M$6, 'AVANCE EJECUCIÓN '!$D23, 'CONSOLIDADO DE INCIDENCIAS'!$W$2:$W$6, 'CONSOLIDADO DE INCIDENCIAS'!$B$11:$B$13))} -> 0 | L23: =COUNTIFS('CONSOLIDADO DE INCIDENCIAS'!$M$2:$M$6,'AVANCE EJECUCIÓN '!$D23,'CONSOLIDADO DE INCIDENCIAS'!$D$2:$D$6,'CONSOLIDADO DE INCIDENCIAS'!$B$16) -> 0 | M23: =COUNTIFS('CONSOLIDADO DE INCIDENCIAS'!$M$2:$M$6,'AVANCE EJECUCIÓN '!$D23,'CONSOLIDADO DE INCIDENCIAS'!$D$2:$D$6,'CONSOLIDADO DE INCIDENCIAS'!$B$17) -> 0 | N23: Alejandra Cárdenas | O23: CONCLUIDO
C24: Flujos Críticos de Regresión | D24: PR02 | E24: CP-EACS-019 | F24: Ejecutar flujos críticos del sistema. | G24: Procesos de negocio (rutas críticas y Happy Paths) completados y sin encontrar errores de severidad alta o bloqueante | H24: =SUM(I24,J24,L24,M24) -> 0 | I24: {=SUMPRODUCT(COUNTIFS('CONSOLIDADO DE INCIDENCIAS'!$M$2:$M$6, 'AVANCE EJECUCIÓN '!$D24, 'CONSOLIDADO DE INCIDENCIAS'!$D$2:$D$6, 'CONSOLIDADO DE INCIDENCIAS'!$B$14:$B$15))} -> 0 | J24: {=SUMPRODUCT(COUNTIFS('CONSOLIDADO DE INCIDENCIAS'!$M$2:$M$6, 'AVANCE EJECUCIÓN '!$D24, 'CONSOLIDADO DE INCIDENCIAS'!$D$2:$D$6, 'CONSOLIDADO DE INCIDENCIAS'!$B$11:$B$13))} -> 0 | K24: {=SUMPRODUCT(COUNTIFS('CONSOLIDADO DE INCIDENCIAS'!$M$2:$M$6, 'AVANCE EJECUCIÓN '!$D24, 'CONSOLIDADO DE INCIDENCIAS'!$W$2:$W$6, 'CONSOLIDADO DE INCIDENCIAS'!$B$11:$B$13))} -> 0 | L24: =COUNTIFS('CONSOLIDADO DE INCIDENCIAS'!$M$2:$M$6,'AVANCE EJECUCIÓN '!$D24,'CONSOLIDADO DE INCIDENCIAS'!$D$2:$D$6,'CONSOLIDADO DE INCIDENCIAS'!$B$16) -> 0 | M24: =COUNTIFS('CONSOLIDADO DE INCIDENCIAS'!$M$2:$M$6,'AVANCE EJECUCIÓN '!$D24,'CONSOLIDADO DE INCIDENCIAS'!$D$2:$D$6,'CONSOLIDADO DE INCIDENCIAS'!$B$17) -> 0 | N24: Alejandra Cárdenas | O24: CONCLUIDO
B25: TOTAL / RESUMEN | D25: =COUNTA(D6:D24) -> 19 | H25: =SUM(H6:H22) -> 5 | I25: =SUM(I6:I22) -> 0 | J25: =SUM(J6:J22) -> 5 | K25: =SUM(K6:K22) -> 5 | L25: =SUM(L6:L22) -> 0 | M25: =SUM(M6:M22) -> 0 | N25: Alejandra Cárdenas | O25: CONCLUIDO
B31: Leyenda
B32: BLOQUEANTE | C32: Funcionalidad con errores que no permiten continuar con la revisión
B33: PENDIENTE | C33: Funcionalidad pendiente de revisión por el equipo de QA
B34: EN PROCESO | C34: Funcionalidad en proceso de revisión por el equipo de QA
B35: CONCLUIDO | C35: Funcionalidad revisada completamente, pero se tiene incidencias pendientes
B36: CERRADO | C36: Funcionalidad revisada completamente, no se tiene incidencias pendientes
B37: POSTERGADO | C37: Funcionalidad postergada para un próximo paquete de mejoras

Sheet CONSOLIDADO DE INCIDENCIAS
A1: Nro. | B1: NRO. INCIDENCIA | C1: ITERACIÓN | D1: ESTADO | E1: FECHA DE REPORTE | F1: FECHA DE ATENCIÓN | G1: TIPO DE PRUEBA | H1: NAVEGADOR | I1: SISTEMA | J1: ROL | K1: MÓDULO | L1: FUNCIONALIDAD | M1: PROCESOS | N1: DESCRIPCIÓN | O1: DESCRIPCIÓN DE INCIDENCIA | P1: DETALLE | Q1: IMAGEN1 | R1: IMAGEN2 | S1: ANALISTA QA | T1: COMENTARIOS QA | U1: CRITICIDAD | V1: COMENTARIOS DESARROLLO | W1: ESTADO | X1: ANALISTA DESARROLLO | Y1: ANALISTA DESARROLLO 2 | Z1: FECHA SUBSANACIÓN
A2: 1 | B2: INC-001-EACS | C2: 1 | D2: PENDIENTE | E2: 46284 | F2: - | G2: PRUEBAS FUNCIONALES | H2: CHROME | I2: Buscador Temático de Resoluciones del TSRA | J2: N.A. | K2: Buscador Temático de Resoluciones | L2: buscar avanzadamente | M2: CASO 03 | N2: Sistema no muestra ordenenado el listado de subcategorías | O2: =CONCATENATE(N2,", al ",L2,".") -> Sistema no muestra ordenenado el listado de subcategorías, al buscar avanzadamente. | P2: Se encuentra en el documento ANEXO 3.1 Informe de incidencias.pdf | Q2: ="C:\\Users\\erick\\Desktop\\ERIKA\\QA\\work contraloria\\erika QA\\TSRA\\Imágenes\\" & $B2 & ".png" -> C:\\Users\\erick\\Desktop\\ERIKA\\QA\\work contraloria\\erika QA\\TSRA\\Imágenes\\INC-001-EACS.png | S2: Alejandra Cárdenas | U2: BAJA | W2: PENDIENTE | X2: Oscar Huanca
A3: 2 | B3: INC-002-EACS | C3: 1 | D3: PENDIENTE | E3: 46284 | F3: - | G3: PRUEBAS FUNCIONALES | H3: EDGE | I3: Buscador Temático de Resoluciones del TSRA | J3: N.A. | K3: Buscador Temático de Resoluciones | L3: buscar avanzadamente | M3: CASO 03 | N3: Sistema no muestra ordenenado el listado de temas | O3: =CONCATENATE(N3,", al ",L3,".") -> Sistema no muestra ordenenado el listado de temas, al buscar avanzadamente. | P3: Se encuentra en el documento ANEXO 3.1 Informe de incidencias.pdf | Q3: ="C:\\Users\\erick\\Desktop\\ERIKA\\QA\\work contraloria\\erika QA\\TSRA\\Imágenes\\" & $B3 & ".png" -> C:\\Users\\erick\\Desktop\\ERIKA\\QA\\work contraloria\\erika QA\\TSRA\\Imágenes\\INC-002-EACS.png | S3: Alejandra Cárdenas | U3: BAJA | W3: PENDIENTE | X3: Oscar Huanca
A4: 3 | B4: INC-003-EACS | C4: 1 | D4: PENDIENTE | E4: 46284 | F4: - | G4: PRUEBAS FUNCIONALES | H4: CHROME | I4: Buscador Temático de Resoluciones del TSRA | J4: N.A. | K4: Buscador Temático de Resoluciones | L4: buscar avanzadamente | M4: CASO 03 | N4: Sistema limpia filtros externos diferente a categoría, subcategoría y tema | O4: =CONCATENATE(N4,", al ",L4,".") -> Sistema limpia filtros externos diferente a categoría, subcategoría y tema, al buscar avanzadamente. | P4: Se encuentra en el documento ANEXO 3.1 Informe de incidencias.pdf | Q4: ="C:\\Users\\erick\\Desktop\\ERIKA\\QA\\work contraloria\\erika QA\\TSRA\\Imágenes\\" & $B4 & ".png" -> C:\\Users\\erick\\Desktop\\ERIKA\\QA\\work contraloria\\erika QA\\TSRA\\Imágenes\\INC-003-EACS.png | S4: Alejandra Cárdenas | U4: BAJA | W4: PENDIENTE | X4: Oscar Huanca
A5: 4 | B5: INC-004-EACS | C5: 1 | D5: PENDIENTE | E5: 46284 | F5: - | G5: PRUEBAS FUNCIONALES | H5: EDGE | I5: Buscador Temático de Resoluciones del TSRA | J5: N.A. | K5: Buscador Temático de Resoluciones | L5: buscar | M5: CASO 05 | N5: Sistema muestra diseño sobrepuesto en la selección de columnas de la grilla de resultados | O5: =CONCATENATE(N5,", al ",L5,".") -> Sistema muestra diseño sobrepuesto en la selección de columnas de la grilla de resultados, al buscar. | P5: Se encuentra en el documento ANEXO 3.1 Informe de incidencias.pdf | Q5: ="C:\\Users\\erick\\Desktop\\ERIKA\\QA\\work contraloria\\erika QA\\TSRA\\Imágenes\\" & $B5 & ".png" -> C:\\Users\\erick\\Desktop\\ERIKA\\QA\\work contraloria\\erika QA\\TSRA\\Imágenes\\INC-004-EACS.png | S5: Alejandra Cárdenas | U5: BAJA | W5: PENDIENTE | X5: Oscar Huanca
A6: 5 | B6: INC-005-EACS | C6: 1 | D6: PENDIENTE | E6: 46284 | F6: - | G6: PRUEBAS FUNCIONALES | H6: CHROME | I6: Buscador Temático de Resoluciones del TSRA | J6: N.A. | K6: Buscador Temático de Resoluciones | L6: buscar | M6: CASO 05 | N6: Sistema muestra diseño sobrepuesto en la paginación de la grilla de resultados | O6: =CONCATENATE(N6,", al ",L6,".") -> Sistema muestra diseño sobrepuesto en la paginación de la grilla de resultados, al buscar. | P6: Se encuentra en el documento ANEXO 3.1 Informe de incidencias.pdf | Q6: ="C:\\Users\\erick\\Desktop\\ERIKA\\QA\\work contraloria\\erika QA\\TSRA\\Imágenes\\" & $B6 & ".png" -> C:\\Users\\erick\\Desktop\\ERIKA\\QA\\work contraloria\\erika QA\\TSRA\\Imágenes\\INC-005-EACS.png | S6: Alejandra Cárdenas | U6: BAJA | W6: PENDIENTE | X6: Oscar Huanca
B10: Leyenda
B11: BLOQUEANTE | C11: Incidencia no permiten continuar con la revisión
B12: PENDIENTE | C12: Incidencia pendiente de revisión
B13: EN PROCESO | C13: Incidencia en proceso de revisión
B14: CONCLUIDO | C14: Incidencia revisada completamente, pero se tiene otras incidencias relacionadas pendientes
B15: CERRADO | C15: Incidencia revisada completamente, no se tiene incidencias relacionadas pendientes
B16: DESESTIMADO | C16: Incidencia que no requiere corrección o no corresponde al sistema.
B17: MEJORA | C17: Incidencia postergada para un próximo paquete de mejoras
B19: PRUEBAS FUNCIONALES | C19: Validan lo que hace el sistema
B20: PRUEBAS TECNICAS | C20: Verifican como lo hace el sistema
B21: PRUEBAS DE REGRESION | C21: Verifican que los cambios o actualizaciones no hayan roto lo que ya funcionaba
B23: ALTA | C23: Detiene por completo la operación del sistema y no existe ninguna alternativa para continuar
B24: MEDIA | C24: Afecta funciones importantes pero no vitales, y/o se tiene una solución alternativa para continuar.
B25: BAJA | C25: No afectan la operación ni la lógica del sistema
